year,doy,month,cvi,peak_ghi_wm2,daily_energy_wh_m2,daytime_mean_ghi,daytime_std_ghi,n_daytime_minutes
1,1,1,0.15,744.0,4505.7,409.0,214.4,661
1,2,1,0.15,743.9,4198.9,381.7,216.9,660
1,3,1,0.15,744.0,4471.0,406.4,225.0,660
1,4,1,0.15,743.9,4137.9,377.2,205.3,658
1,5,1,0.15,744.0,4326.7,394.5,218.3,658
1,6,1,0.15,744.0,4215.7,386.7,225.8,654
1,7,1,0.15,744.0,4569.1,415.3,216.0,660
1,8,1,0.15,744.0,4140.4,375.8,226.5,661
1,9,1,0.15,744.0,4358.4,396.2,211.6,660
1,10,1,0.15,744.0,4304.6,396.0,224.9,652
1,11,1,0.15,743.9,4246.0,388.3,219.7,656
1,12,1,0.15,744.0,4351.9,396.2,216.2,659
1,13,1,0.15,744.0,4647.8,427.0,217.9,653
1,14,1,0.15,744.0,4196.4,382.6,221.5,658
1,15,1,0.15,744.0,4312.2,393.2,230.4,658
1,16,1,0.15,744.0,4104.6,372.6,209.4,661
1,17,1,0.15,743.9,4309.5,391.2,217.0,661
1,18,1,0.15,744.0,4136.5,376.0,237.5,660
1,19,1,0.15,744.0,4167.8,379.4,217.0,659
1,20,1,0.15,742.8,3759.2,341.2,195.0,661
1,21,1,0.15,744.0,4257.5,388.2,226.4,658
1,22,1,0.15,744.0,4238.0,384.7,219.2,661
1,23,1,0.15,744.0,4569.6,414.8,221.0,661
1,24,1,0.15,744.0,4084.5,371.8,226.9,659
1,25,1,0.15,742.4,4203.9,381.6,210.2,661
1,26,1,0.15,744.0,4474.1,407.3,214.4,659
1,27,1,0.15,744.0,4352.2,398.0,211.6,656
1,28,1,0.15,744.0,4299.3,393.2,215.9,656
1,29,1,0.15,744.0,4206.6,383.0,223.5,659
1,30,1,0.15,744.0,4507.9,409.2,213.0,661
1,31,1,0.15,743.2,4208.7,382.6,217.6,660
1,32,2,0.2,744.0,3950.7,342.5,216.4,692
1,33,2,0.2,744.0,4638.8,401.0,229.4,694
1,34,2,0.2,744.0,4796.6,415.2,226.2,693
1,35,2,0.2,744.0,4795.1,418.7,219.9,687
1,36,2,0.2,744.0,4565.5,400.4,219.3,684
1,37,2,0.2,744.0,4596.7,397.9,222.1,693
1,38,2,0.2,744.0,4377.4,381.7,219.8,688
1,39,2,0.2,744.0,4552.4,395.8,217.8,690
1,40,2,0.2,744.0,4614.4,399.5,212.0,693
1,41,2,0.2,744.0,4450.9,385.3,218.9,693
1,42,2,0.2,744.0,4432.2,383.7,226.4,693
1,43,2,0.2,744.0,4830.5,417.6,211.8,694
1,44,2,0.2,743.6,4398.3,381.3,223.7,692
1,45,2,0.2,743.8,4299.3,373.8,211.1,690
1,46,2,0.2,744.0,4745.9,410.9,221.7,693
1,47,2,0.2,744.0,4682.3,405.3,224.6,693
1,48,2,0.2,743.9,4587.7,396.6,228.5,694
1,49,2,0.2,743.8,4530.1,392.2,212.3,693
1,50,2,0.2,744.0,4585.4,396.4,228.5,694
1,51,2,0.2,744.0,4232.2,366.4,205.1,693
1,52,2,0.2,744.0,4757.6,410.7,223.1,695
1,53,2,0.2,744.0,4410.9,380.8,221.3,695
1,54,2,0.2,743.9,4356.1,377.6,215.9,692
1,55,2,0.2,741.3,4622.1,400.1,220.4,693
1,56,2,0.2,744.0,4077.1,352.5,214.3,694
1,57,2,0.2,744.0,4743.0,413.0,224.6,689
1,58,2,0.2,744.0,4471.4,386.5,232.0,694
1,59,2,0.2,744.0,4443.8,385.8,214.9,691
1,60,3,0.25,762.6,4198.9,345.5,219.8,729
1,61,3,0.25,762.6,4167.5,348.6,231.1,717
1,62,3,0.25,762.6,3441.6,285.5,217.7,723
1,63,3,0.25,762.4,4218.5,348.1,222.1,727
1,64,3,0.25,762.6,4062.4,334.3,234.1,729
1,65,3,0.25,762.5,3762.1,311.2,225.2,725
1,66,3,0.25,762.5,4062.6,337.9,215.3,721
1,67,3,0.25,762.6,4547.7,377.3,226.9,723
1,68,3,0.25,762.6,4376.9,359.2,236.9,731
1,69,3,0.25,762.6,3782.8,316.8,230.5,716
1,70,3,0.25,762.6,3923.5,324.2,239.4,726
1,71,3,0.25,762.6,3774.9,312.3,209.9,725
1,72,3,0.25,760.6,4403.3,362.8,235.5,728
1,73,3,0.25,758.9,3715.1,306.6,205.4,727
1,74,3,0.25,762.6,3308.8,273.7,213.6,725
1,75,3,0.25,762.6,3886.0,325.9,207.4,715
1,76,3,0.25,762.3,3993.8,328.6,218.5,729
1,77,3,0.25,762.0,4230.0,353.3,225.3,718
1,78,3,0.25,762.6,4089.7,335.6,223.3,731
1,79,3,0.25,762.6,4231.3,347.3,226.9,731
1,80,3,0.25,762.6,4149.9,340.6,225.4,731
1,81,3,0.25,760.1,3574.3,298.1,220.6,719
1,82,3,0.25,762.6,3876.5,326.0,213.7,713
1,83,3,0.25,762.5,3828.5,320.2,232.1,717
1,84,3,0.25,759.8,4166.5,342.4,230.0,730
1,85,3,0.25,760.6,3969.0,326.6,222.6,729
1,86,3,0.25,760.6,3706.4,307.1,228.3,724
1,87,3,0.25,762.4,4611.4,381.6,223.6,725
1,88,3,0.25,762.6,3909.7,321.3,225.1,730
1,89,3,0.25,762.6,4180.8,345.9,234.9,725
1,90,3,0.25,762.5,4366.0,364.2,230.3,719
1,91,4,0.3,790.0,4311.6,336.3,233.8,769
1,92,4,0.3,790.5,4812.9,374.5,242.3,771
1,93,4,0.3,790.5,4668.4,367.0,242.0,763
1,94,4,0.3,788.2,4861.4,383.7,221.4,760
1,95,4,0.3,790.0,4002.1,312.6,203.6,768
1,96,4,0.3,790.4,3713.5,288.6,226.4,772
1,97,4,0.3,790.5,4165.1,327.4,230.5,763
1,98,4,0.3,790.2,4097.7,325.5,227.9,755
1,99,4,0.3,790.5,4591.2,360.9,241.0,763
1,100,4,0.3,790.5,4332.9,338.0,227.9,769
1,101,4,0.3,790.4,4417.8,347.3,230.6,763
1,102,4,0.3,790.5,4262.6,331.2,223.2,772
1,103,4,0.3,790.5,4107.2,319.6,246.9,771
1,104,4,0.3,790.2,3747.8,295.0,233.3,762
1,105,4,0.3,790.5,3890.4,306.6,224.0,761
1,106,4,0.3,790.4,4195.3,326.0,220.6,772
1,107,4,0.3,788.4,4339.3,338.5,227.7,769
1,108,4,0.3,790.4,4199.8,326.8,233.8,771
1,109,4,0.3,790.1,4259.3,333.9,241.3,765
1,110,4,0.3,790.5,4439.2,345.4,220.7,771
1,111,4,0.3,790.5,4507.9,356.6,231.6,758
1,112,4,0.3,788.6,4541.0,356.9,228.1,763
1,113,4,0.3,788.2,4085.5,318.3,233.3,770
1,114,4,0.3,790.4,4359.5,341.9,225.2,765
1,115,4,0.3,790.5,4237.3,333.5,227.8,762
1,116,4,0.3,790.5,4034.9,316.8,242.2,764
1,117,4,0.3,790.5,4263.6,332.2,241.5,770
1,118,4,0.3,782.7,3771.3,292.7,214.9,773
1,119,4,0.3,790.1,4229.9,328.7,219.0,772
1,120,4,0.3,790.5,4217.4,330.7,218.0,765
1,121,5,0.45,787.9,4477.1,342.0,215.8,785
1,122,5,0.45,790.5,4669.6,351.5,240.2,797
1,123,5,0.45,787.6,4432.4,335.3,218.7,793
1,124,5,0.45,789.5,4015.3,300.3,223.4,802
1,125,5,0.45,786.5,4280.2,329.0,231.2,780
1,126,5,0.45,790.5,4440.0,333.4,216.5,799
1,127,5,0.45,790.5,4236.6,318.9,231.1,797
1,128,5,0.45,790.5,4489.0,343.9,227.9,783
1,129,5,0.45,790.5,4156.7,311.3,237.9,801
1,130,5,0.45,790.5,4186.1,321.0,231.1,782
1,131,5,0.45,790.5,4156.0,312.0,208.6,799
1,132,5,0.45,790.5,4954.4,371.5,236.3,800
1,133,5,0.45,790.5,4615.5,347.4,240.0,797
1,134,5,0.45,790.4,4942.1,374.7,245.1,791
1,135,5,0.45,790.5,5141.6,387.4,243.7,796
1,136,5,0.45,790.3,4373.3,327.9,237.0,800
1,137,5,0.45,780.5,4025.5,306.8,224.3,787
1,138,5,0.45,790.5,4598.5,345.3,236.9,799
1,139,5,0.45,790.5,4887.0,366.5,247.1,800
1,140,5,0.45,790.5,4212.9,318.2,234.5,794
1,141,5,0.45,790.3,4678.2,352.5,241.9,796
1,142,5,0.45,790.5,4501.2,336.7,229.4,802
1,143,5,0.45,790.5,5146.4,388.3,233.2,795
1,144,5,0.45,790.5,4598.9,345.3,242.5,799
1,145,5,0.45,789.9,4436.6,332.7,223.7,800
1,146,5,0.45,789.8,4646.2,348.8,222.8,799
1,147,5,0.45,790.5,4193.0,317.5,233.6,792
1,148,5,0.45,789.9,3859.0,293.0,206.5,790
1,149,5,0.45,785.2,3610.7,274.4,202.5,789
1,150,5,0.45,790.5,4656.9,347.9,227.1,803
1,151,5,0.45,790.4,4698.1,353.2,231.7,798
1,152,6,0.7,760.1,3385.4,253.7,194.3,800
1,153,6,0.7,762.1,3714.5,279.8,213.6,796
1,154,6,0.7,762.3,3218.8,238.6,198.1,809
1,155,6,0.7,759.1,3624.0,272.0,211.8,799
1,156,6,0.7,762.5,3407.8,255.4,217.6,800
1,157,6,0.7,751.3,3218.6,241.0,195.9,801
1,158,6,0.7,761.8,3148.8,235.1,206.7,803
1,159,6,0.7,760.4,3497.7,264.1,205.8,794
1,160,6,0.7,762.4,3148.0,237.1,198.9,796
1,161,6,0.7,761.2,3236.9,239.1,200.4,812
1,162,6,0.7,762.4,3314.9,245.2,213.7,811
1,163,6,0.7,762.5,3432.3,253.9,203.9,811
1,164,6,0.7,757.6,3322.7,249.7,214.1,798
1,165,6,0.7,758.8,3412.3,253.9,211.2,806
1,166,6,0.7,761.8,3564.9,266.6,206.2,802
1,167,6,0.7,762.4,3642.2,272.7,237.3,801
1,168,6,0.7,762.4,3444.6,261.7,219.1,789
1,169,6,0.7,761.2,3297.1,253.0,215.7,781
1,170,6,0.7,761.9,3138.2,233.2,211.9,807
1,171,6,0.7,762.6,3806.2,285.0,226.8,801
1,172,6,0.7,759.1,3505.6,262.1,218.9,802
1,173,6,0.7,762.6,3092.3,230.6,189.9,804
1,174,6,0.7,735.5,2761.5,208.5,181.6,794
1,175,6,0.7,762.2,3233.7,245.4,210.5,790
1,176,6,0.7,762.6,3200.8,242.0,191.6,793
1,177,6,0.7,762.6,3134.2,234.1,200.0,803
1,178,6,0.7,762.6,3375.5,253.7,201.1,798
1,179,6,0.7,762.6,3342.0,249.9,204.9,802
1,180,6,0.7,762.5,3102.1,234.3,199.6,794
1,181,6,0.7,761.0,3133.9,234.3,198.0,802
1,182,7,0.85,744.0,3551.0,265.1,213.6,803
1,183,7,0.85,744.0,3174.2,237.0,202.1,803
1,184,7,0.85,739.5,3021.1,223.4,204.6,811
1,185,7,0.85,743.7,3102.3,232.2,198.0,801
1,186,7,0.85,744.0,3346.5,250.5,217.1,801
1,187,7,0.85,743.7,3014.7,222.1,201.3,814
1,188,7,0.85,744.0,3546.8,264.8,208.0,803
1,189,7,0.85,742.8,3322.7,244.3,196.1,816
1,190,7,0.85,736.3,3600.5,265.3,207.0,814
1,191,7,0.85,743.5,3339.8,246.7,220.2,812
1,192,7,0.85,744.0,3063.7,228.8,197.0,803
1,193,7,0.85,743.0,3799.9,282.4,211.5,807
1,194,7,0.85,744.0,3309.8,245.9,213.3,807
1,195,7,0.85,744.0,3426.8,252.2,211.5,815
1,196,7,0.85,743.7,3169.4,236.1,198.5,805
1,197,7,0.85,743.6,3282.4,246.0,214.5,800
1,198,7,0.85,744.0,3396.0,254.8,205.9,799
1,199,7,0.85,744.0,3441.9,258.6,215.0,798
1,200,7,0.85,744.0,3424.0,254.8,207.0,806
1,201,7,0.85,743.9,3268.8,245.9,207.6,797
1,202,7,0.85,744.0,3219.6,237.2,216.2,814
1,203,7,0.85,742.8,2872.0,218.2,193.7,789
1,204,7,0.85,744.0,3104.5,228.2,193.2,816
1,205,7,0.85,743.2,3448.5,257.8,199.2,802
1,206,7,0.85,743.7,2836.1,211.2,180.6,805
1,207,7,0.85,743.9,3332.9,246.2,196.8,812
1,208,7,0.85,744.0,3135.2,234.4,201.9,802
1,209,7,0.85,744.0,2983.3,221.7,202.3,807
1,210,7,0.85,744.0,3641.9,269.3,230.3,811
1,211,7,0.85,742.5,3139.6,232.7,197.9,809
1,212,7,0.85,744.0,3749.7,280.7,205.4,801
1,213,8,0.8,743.8,2729.4,206.9,181.6,791
1,214,8,0.8,744.0,3760.9,281.3,226.8,802
1,215,8,0.8,742.7,3016.4,231.0,193.9,783
1,216,8,0.8,744.0,3149.6,238.2,197.5,793
1,217,8,0.8,744.0,3348.9,253.3,204.6,793
1,218,8,0.8,742.7,3120.7,237.2,202.3,789
1,219,8,0.8,743.9,3222.3,244.9,208.0,789
1,220,8,0.8,743.9,3364.6,254.8,207.4,792
1,221,8,0.8,743.7,3546.7,267.6,211.2,795
1,222,8,0.8,743.9,3059.0,233.0,206.5,787
1,223,8,0.8,744.0,2922.9,221.3,199.8,792
1,224,8,0.8,743.3,3118.5,239.7,215.4,780
1,225,8,0.8,742.6,3286.5,248.6,214.2,793
1,226,8,0.8,742.6,3189.0,242.7,194.8,788
1,227,8,0.8,744.0,3453.4,260.5,222.3,795
1,228,8,0.8,743.8,3030.0,231.1,196.5,786
1,229,8,0.8,741.3,3423.3,260.5,212.0,788
1,230,8,0.8,743.7,3371.5,256.9,212.9,787
1,231,8,0.8,743.8,2831.6,214.4,195.6,792
1,232,8,0.8,744.0,3437.5,257.7,218.4,800
1,233,8,0.8,743.9,3541.7,268.5,217.8,791
1,234,8,0.8,744.0,3538.9,264.7,218.1,802
1,235,8,0.8,743.8,3134.4,237.9,197.6,790
1,236,8,0.8,744.0,3439.3,259.5,215.0,795
1,237,8,0.8,743.3,2903.9,219.1,190.8,795
1,238,8,0.8,744.0,3798.0,286.9,223.1,794
1,239,8,0.8,744.0,3140.3,244.1,207.8,771
1,240,8,0.8,744.0,2923.6,224.7,203.7,780
1,241,8,0.8,744.0,3068.6,231.2,199.9,796
1,242,8,0.8,743.3,3141.5,237.0,204.5,795
1,243,8,0.8,744.0,3075.6,234.3,196.0,787
1,244,9,0.65,760.6,2500.2,209.0,182.8,717
1,245,9,0.65,762.4,2833.8,235.0,203.2,723
1,246,9,0.65,761.1,3268.1,267.1,214.4,734
1,247,9,0.65,762.2,2970.5,243.1,216.0,733
1,248,9,0.65,762.4,3367.2,280.8,220.8,719
1,249,9,0.65,762.0,2990.4,248.7,205.3,721
1,250,9,0.65,762.6,3382.4,276.1,236.8,735
1,251,9,0.65,762.4,3105.8,260.8,212.7,714
1,252,9,0.65,762.6,2870.4,239.4,204.1,719
1,253,9,0.65,761.8,2987.0,246.8,218.7,726
1,254,9,0.65,762.6,3292.2,269.0,226.2,734
1,255,9,0.65,762.6,3168.6,258.3,208.4,736
1,256,9,0.65,762.6,3180.1,260.6,220.5,732
1,257,9,0.65,760.4,2502.9,206.7,189.7,726
1,258,9,0.65,742.1,2677.2,224.4,188.9,715
1,259,9,0.65,735.1,2449.9,202.1,170.1,727
1,260,9,0.65,762.6,3323.9,273.4,234.0,729
1,261,9,0.65,762.4,2718.8,224.3,200.0,727
1,262,9,0.65,762.4,2796.3,231.0,197.7,726
1,263,9,0.65,760.9,2903.1,238.5,203.2,730
1,264,9,0.65,758.0,2955.6,243.8,190.9,727
1,265,9,0.65,762.4,3004.6,246.9,203.1,730
1,266,9,0.65,762.4,2938.0,246.4,201.0,715
1,267,9,0.65,762.6,3032.9,248.9,220.4,731
1,268,9,0.65,762.6,3014.4,247.6,212.9,730
1,269,9,0.65,758.7,2749.4,230.9,198.6,714
1,270,9,0.65,762.6,2700.2,221.0,195.1,733
1,271,9,0.65,762.4,2944.9,241.6,205.6,731
1,272,9,0.65,759.3,2830.7,234.8,209.0,723
1,273,9,0.65,761.8,2766.5,229.5,197.2,723
1,274,10,0.3,762.6,3605.2,319.8,223.3,676
1,275,10,0.3,762.6,3792.0,331.1,237.5,687
1,276,10,0.3,762.6,3908.0,341.8,240.8,686
1,277,10,0.3,762.6,3628.3,319.1,235.0,682
1,278,10,0.3,762.6,3298.5,288.4,220.6,686
1,279,10,0.3,762.6,4098.1,360.9,247.2,681
1,280,10,0.3,762.6,3779.3,329.5,215.6,688
1,281,10,0.3,762.3,3748.8,326.4,230.4,689
1,282,10,0.3,760.1,3479.4,304.7,208.0,685
1,283,10,0.3,762.6,4007.5,354.5,221.9,678
1,284,10,0.3,762.6,3788.9,335.2,234.2,678
1,285,10,0.3,762.6,3726.7,324.5,216.6,689
1,286,10,0.3,762.6,3713.4,324.3,231.8,687
1,287,10,0.3,762.5,3683.3,323.0,216.7,684
1,288,10,0.3,762.6,3312.8,288.9,221.7,688
1,289,10,0.3,762.6,4070.8,357.5,216.8,683
1,290,10,0.3,762.6,3704.9,322.6,236.3,689
1,291,10,0.3,762.6,3873.5,338.2,215.9,687
1,292,10,0.3,762.6,3844.4,336.2,225.4,686
1,293,10,0.3,762.5,3770.8,328.3,228.9,689
1,294,10,0.3,761.1,3663.6,322.2,220.9,682
1,295,10,0.3,762.5,3943.0,345.3,220.1,685
1,296,10,0.3,762.6,3614.3,314.7,224.1,689
1,297,10,0.3,762.6,3621.7,315.3,225.6,689
1,298,10,0.3,762.1,3425.4,298.7,235.9,688
1,299,10,0.3,762.0,3809.3,336.0,212.6,680
1,300,10,0.3,761.1,3597.6,314.6,213.3,686
1,301,10,0.3,762.6,3582.3,314.1,225.3,684
1,302,10,0.3,762.0,3736.1,327.6,233.3,684
1,303,10,0.3,762.6,4120.8,358.3,233.2,690
1,304,10,0.3,762.6,4094.5,357.5,213.5,687
1,305,11,0.18,744.0,4132.9,375.7,220.6,660
1,306,11,0.18,744.0,3982.6,362.6,220.7,659
1,307,11,0.18,744.0,4413.1,400.6,217.2,661
1,308,11,0.18,744.0,4367.4,397.0,216.0,660
1,309,11,0.18,744.0,4627.0,421.2,218.8,659
1,310,11,0.18,743.9,4453.8,406.1,211.7,658
1,311,11,0.18,744.0,4403.3,400.9,221.4,659
1,312,11,0.18,744.0,4410.3,401.5,218.2,659
1,313,11,0.18,744.0,4054.5,368.6,232.6,660
1,314,11,0.18,744.0,4431.3,404.0,216.2,658
1,315,11,0.18,744.0,4267.3,388.5,222.7,659
1,316,11,0.18,744.0,4344.8,394.9,212.9,660
1,317,11,0.18,744.0,4394.0,402.4,223.7,655
1,318,11,0.18,744.0,4350.3,394.9,213.8,661
1,319,11,0.18,744.0,4510.3,410.6,215.1,659
1,320,11,0.18,743.7,3951.3,364.1,190.3,651
1,321,11,0.18,744.0,4102.9,372.4,227.6,661
1,322,11,0.18,744.0,3978.0,364.3,205.0,655
1,323,11,0.18,744.0,4479.5,407.2,224.9,660
1,324,11,0.18,743.0,4444.2,403.4,217.9,661
1,325,11,0.18,744.0,4422.8,402.6,219.7,659
1,326,11,0.18,744.0,4399.3,399.9,222.0,660
1,327,11,0.18,744.0,4157.8,378.5,222.2,659
1,328,11,0.18,744.0,4493.9,409.7,209.2,658
1,329,11,0.18,744.0,4364.9,397.3,210.3,659
1,330,11,0.18,743.0,4567.5,415.8,223.4,659
1,331,11,0.18,744.0,4397.2,400.3,224.4,659
1,332,11,0.18,744.0,4239.5,385.4,219.4,660
1,333,11,0.18,726.6,3741.3,340.6,209.9,659
1,334,11,0.18,744.0,4130.6,376.6,212.3,658
1,335,12,0.15,742.5,4160.6,391.9,212.5,637
1,336,12,0.15,741.7,4398.2,414.9,212.8,636
1,337,12,0.15,743.6,4351.4,411.1,222.0,635
1,338,12,0.15,744.0,4145.4,391.6,213.6,635
1,339,12,0.15,744.0,4239.8,399.3,210.1,637
1,340,12,0.15,743.7,4263.6,401.6,210.3,637
1,341,12,0.15,744.0,3993.9,376.7,211.4,636
1,342,12,0.15,744.0,4244.5,401.6,215.2,634
1,343,12,0.15,742.3,4173.8,393.7,213.1,636
1,344,12,0.15,744.0,4113.5,388.0,224.4,636
1,345,12,0.15,744.0,4310.8,408.5,226.6,633
1,346,12,0.15,744.0,4351.5,410.5,224.2,636
1,347,12,0.15,744.0,4159.0,392.9,220.7,635
1,348,12,0.15,743.9,4026.4,380.4,222.2,635
1,349,12,0.15,744.0,4047.8,382.4,210.8,635
1,350,12,0.15,744.0,4272.3,403.6,221.9,635
1,351,12,0.15,744.0,4298.4,411.2,219.3,627
1,352,12,0.15,738.0,3644.7,344.3,182.1,635
1,353,12,0.15,743.9,4041.2,380.6,213.8,637
1,354,12,0.15,743.6,3842.1,362.4,209.6,636
1,355,12,0.15,744.0,4072.7,384.2,228.4,636
1,356,12,0.15,744.0,4188.1,400.1,211.8,628
1,357,12,0.15,744.0,4415.4,417.8,218.8,634
1,358,12,0.15,743.3,4156.2,392.7,211.8,635
1,359,12,0.15,744.0,4154.7,391.9,222.9,636
1,360,12,0.15,743.1,4026.3,381.0,215.0,634
1,361,12,0.15,744.0,4167.9,392.6,221.4,637
1,362,12,0.15,744.0,3821.9,361.1,212.2,635
1,363,12,0.15,744.0,4236.6,399.0,220.5,637
1,364,12,0.15,738.4,4088.2,385.0,214.0,637
1,365,12,0.15,744.0,4226.9,398.7,226.3,636
2,1,1,0.15,744.0,4319.5,393.2,218.3,659
2,2,1,0.15,744.0,4382.7,398.4,220.7,660
2,3,1,0.15,744.0,4453.5,406.6,219.5,657
2,4,1,0.15,744.0,4459.8,406.6,219.8,658
2,5,1,0.15,744.0,4350.0,399.0,219.5,654
2,6,1,0.15,744.0,4462.7,406.3,228.6,659
2,7,1,0.15,744.0,4242.9,390.9,217.3,651
2,8,1,0.15,743.6,3625.7,330.1,212.5,659
2,9,1,0.15,744.0,4503.3,414.3,220.0,652
2,10,1,0.15,744.0,4541.5,414.1,220.3,658
2,11,1,0.15,744.0,4236.0,386.8,214.7,657
2,12,1,0.15,744.0,4218.5,385.2,213.9,657
2,13,1,0.15,744.0,4614.3,418.8,216.6,661
2,14,1,0.15,744.0,4220.4,387.7,230.0,653
2,15,1,0.15,744.0,4313.3,393.8,214.5,657
2,16,1,0.15,743.0,4401.5,400.7,213.0,659
2,17,1,0.15,744.0,4545.5,416.3,221.0,655
2,18,1,0.15,744.0,4267.5,387.9,209.1,660
2,19,1,0.15,744.0,4158.6,378.6,213.4,659
2,20,1,0.15,743.6,4088.0,372.1,211.2,659
2,21,1,0.15,744.0,4418.0,402.2,219.2,659
2,22,1,0.15,743.8,4580.2,418.8,209.8,656
2,23,1,0.15,744.0,4271.5,387.7,211.8,661
2,24,1,0.15,744.0,4341.2,395.2,218.8,659
2,25,1,0.15,744.0,4613.1,419.3,218.8,660
2,26,1,0.15,744.0,4363.0,398.4,218.1,657
2,27,1,0.15,743.2,3605.7,328.2,187.9,659
2,28,1,0.15,744.0,4432.4,402.9,213.3,660
2,29,1,0.15,744.0,4362.4,397.1,224.1,659
2,30,1,0.15,743.8,4211.1,383.4,214.4,659
2,31,1,0.15,744.0,4277.9,388.9,226.1,660
2,32,2,0.2,744.0,4538.2,393.4,225.3,692
2,33,2,0.2,744.0,4149.6,359.2,202.7,693
2,34,2,0.2,744.0,4534.7,392.6,209.0,693
2,35,2,0.2,744.0,4312.4,376.6,222.2,687
2,36,2,0.2,744.0,4658.3,403.3,221.5,693
2,37,2,0.2,744.0,4730.9,408.4,217.3,695
2,38,2,0.2,743.9,4423.5,382.4,216.4,694
2,39,2,0.2,744.0,4455.5,387.9,219.9,689
2,40,2,0.2,744.0,4731.0,410.1,219.2,692
2,41,2,0.2,744.0,4892.1,422.3,220.2,695
2,42,2,0.2,744.0,4273.9,370.5,206.1,692
2,43,2,0.2,744.0,4576.6,395.6,213.7,694
2,44,2,0.2,744.0,4745.5,410.2,216.6,694
2,45,2,0.2,744.0,4724.9,410.2,216.3,691
2,46,2,0.2,743.9,4606.9,398.3,217.3,694
2,47,2,0.2,744.0,4430.3,383.5,217.7,693
2,48,2,0.2,743.9,4359.5,377.4,218.5,693
2,49,2,0.2,744.0,4674.0,404.1,218.6,694
2,50,2,0.2,744.0,4317.5,373.2,213.7,694
2,51,2,0.2,744.0,4852.0,419.4,217.3,694
2,52,2,0.2,744.0,4418.8,382.5,224.9,693
2,53,2,0.2,744.0,4640.1,401.7,219.0,693
2,54,2,0.2,742.9,4493.0,389.0,205.7,693
2,55,2,0.2,744.0,4152.2,358.9,215.6,694
2,56,2,0.2,744.0,4510.2,395.0,211.8,685
2,57,2,0.2,744.0,4332.0,375.6,214.8,692
2,58,2,0.2,744.0,4697.0,407.2,215.6,692
2,59,2,0.2,744.0,4800.5,416.2,214.1,692
2,60,3,0.25,762.6,3899.4,325.3,247.4,719
2,61,3,0.25,762.6,4052.6,335.3,241.0,725
2,62,3,0.25,762.3,3653.9,302.7,218.0,724
2,63,3,0.25,762.5,3916.4,322.3,233.8,729
2,64,3,0.25,762.6,3458.1,286.9,224.9,723
2,65,3,0.25,762.4,3875.9,318.1,224.7,731
2,66,3,0.25,762.6,4135.5,341.2,235.1,727
2,67,3,0.25,761.9,3413.9,280.2,214.6,731
2,68,3,0.25,762.5,4120.8,342.8,218.4,721
2,69,3,0.25,760.1,3884.9,318.8,226.1,731
2,70,3,0.25,760.6,4175.0,347.3,247.1,721
2,71,3,0.25,762.6,3634.8,298.7,213.2,730
2,72,3,0.25,762.5,3432.1,284.7,201.8,723
2,73,3,0.25,762.6,3957.3,327.9,226.3,724
2,74,3,0.25,762.6,4295.7,353.0,224.5,730
2,75,3,0.25,762.6,3825.7,317.8,220.3,722
2,76,3,0.25,762.6,3825.4,317.8,234.2,722
2,77,3,0.25,761.8,3796.1,314.5,225.2,724
2,78,3,0.25,754.2,3463.5,285.8,202.6,727
2,79,3,0.25,762.6,3898.9,321.7,219.8,727
2,80,3,0.25,762.0,4126.7,339.6,223.6,729
2,81,3,0.25,762.3,3974.0,328.8,233.4,725
2,82,3,0.25,762.6,3895.7,323.6,232.3,722
2,83,3,0.25,762.5,3763.5,312.2,229.0,723
2,84,3,0.25,762.6,4030.4,331.6,217.0,729
2,85,3,0.25,762.6,4157.9,344.5,226.3,724
2,86,3,0.25,762.6,3525.1,292.0,227.0,724
2,87,3,0.25,762.6,3838.3,317.6,213.8,725
2,88,3,0.25,762.3,3902.5,321.1,221.1,729
2,89,3,0.25,762.6,4038.1,336.9,230.4,719
2,90,3,0.25,762.6,4234.2,352.8,235.1,720
2,91,4,0.3,790.4,4053.3,315.0,234.9,772
2,92,4,0.3,790.3,4154.0,326.5,225.9,763
2,93,4,0.3,788.9,4064.7,316.7,242.7,770
2,94,4,0.3,788.2,4664.1,363.8,241.6,769
2,95,4,0.3,790.5,4435.5,349.1,229.6,762
2,96,4,0.3,790.4,4101.6,320.8,217.4,767
2,97,4,0.3,790.5,4131.8,324.8,235.4,763
2,98,4,0.3,790.5,4024.1,315.1,217.2,766
2,99,4,0.3,790.5,4424.8,347.4,243.1,764
2,100,4,0.3,790.5,4381.6,345.3,235.9,761
2,101,4,0.3,790.0,4634.3,359.7,229.9,773
2,102,4,0.3,790.5,3814.7,300.6,214.4,761
2,103,4,0.3,785.1,4073.1,318.2,220.6,768
2,104,4,0.3,790.5,4330.0,336.1,241.1,773
2,105,4,0.3,790.5,4517.3,351.5,226.1,771
2,106,4,0.3,790.5,3964.2,311.6,220.1,763
2,107,4,0.3,790.4,4197.2,328.6,227.0,766
2,108,4,0.3,790.4,4257.4,331.7,222.3,770
2,109,4,0.3,790.0,4268.0,336.0,236.0,762
2,110,4,0.3,790.4,4590.4,359.5,236.8,766
2,111,4,0.3,790.0,3713.3,292.3,222.0,762
2,112,4,0.3,790.4,4281.7,332.7,231.7,772
2,113,4,0.3,790.3,4474.7,348.2,236.7,771
2,114,4,0.3,790.5,4272.8,333.8,235.4,768
2,115,4,0.3,790.4,3734.9,291.7,215.2,768
2,116,4,0.3,790.1,3724.8,291.7,203.4,766
2,117,4,0.3,790.5,4506.1,354.2,242.2,763
2,118,4,0.3,790.5,4103.8,319.3,238.4,771
2,119,4,0.3,789.4,3848.7,300.2,212.7,769
2,120,4,0.3,790.5,4465.6,353.3,231.8,758
2,121,5,0.45,790.5,4467.8,336.3,226.5,797
2,122,5,0.45,789.8,4779.2,359.3,244.4,798
2,123,5,0.45,790.5,4827.0,367.9,221.7,787
2,124,5,0.45,783.2,3904.0,294.2,216.7,796
2,125,5,0.45,787.6,4107.8,312.2,215.7,789
2,126,5,0.45,786.5,4896.7,372.7,230.6,788
2,127,5,0.45,790.5,4446.4,338.8,230.5,787
2,128,5,0.45,790.3,4221.7,318.1,231.4,796
2,129,5,0.45,790.5,4462.2,336.7,236.2,795
2,130,5,0.45,789.6,3938.1,295.7,223.9,799
2,131,5,0.45,790.4,4251.8,318.4,211.5,801
2,132,5,0.45,789.0,3936.6,294.1,210.1,803
2,133,5,0.45,789.9,4161.5,310.9,231.8,803
2,134,5,0.45,790.5,4858.0,366.5,240.2,795
2,135,5,0.45,789.8,4857.6,366.5,236.5,795
2,136,5,0.45,789.0,4181.3,317.8,222.6,789
2,137,5,0.45,790.5,4650.1,353.5,231.5,789
2,138,5,0.45,790.5,4728.8,356.4,241.1,796
2,139,5,0.45,790.4,4618.5,345.5,245.2,802
2,140,5,0.45,790.5,4266.7,324.7,231.0,788
2,141,5,0.45,790.5,4767.4,364.2,256.3,785
2,142,5,0.45,790.5,4099.8,311.2,227.0,790
2,143,5,0.45,789.9,4786.3,358.5,239.5,801
2,144,5,0.45,790.5,4396.5,329.3,228.7,801
2,145,5,0.45,790.5,4782.3,360.4,232.5,796
2,146,5,0.45,790.5,4442.6,335.6,228.6,794
2,147,5,0.45,790.5,4252.2,319.2,226.0,799
2,148,5,0.45,790.3,4719.5,354.8,211.6,798
2,149,5,0.45,790.5,4092.1,306.5,216.3,801
2,150,5,0.45,790.4,4653.2,354.6,248.6,787
2,151,5,0.45,790.5,4467.3,338.3,221.6,792
2,152,6,0.7,762.6,3114.8,235.8,204.2,792
2,153,6,0.7,762.6,3809.1,286.2,227.3,798
2,154,6,0.7,762.6,3611.6,267.8,220.4,809
2,155,6,0.7,762.6,3776.8,281.4,219.2,805
2,156,6,0.7,760.4,3427.3,257.2,213.0,799
2,157,6,0.7,761.9,3347.6,248.5,200.3,808
2,158,6,0.7,762.4,3445.3,258.6,211.4,799
2,159,6,0.7,762.3,3269.7,244.8,210.7,801
2,160,6,0.7,762.6,3766.8,286.6,223.9,788
2,161,6,0.7,762.4,3329.9,246.9,207.8,809
2,162,6,0.7,760.1,3176.9,240.4,204.0,792
2,163,6,0.7,755.4,3206.3,240.9,211.4,798
2,164,6,0.7,762.6,2976.3,219.9,197.1,812
2,165,6,0.7,755.0,3315.8,251.0,202.9,792
2,166,6,0.7,760.4,3365.3,250.7,207.2,805
2,167,6,0.7,762.5,3634.1,274.1,213.4,795
2,168,6,0.7,761.3,3438.8,256.2,217.9,805
2,169,6,0.7,755.0,3461.5,257.0,211.3,808
2,170,6,0.7,761.2,3413.6,256.2,202.9,799
2,171,6,0.7,762.4,3523.1,263.4,218.8,802
2,172,6,0.7,762.5,3564.0,265.9,205.0,804
2,173,6,0.7,762.6,3494.2,261.3,210.4,802
2,174,6,0.7,762.6,3124.8,234.8,192.3,798
2,175,6,0.7,762.6,3693.0,278.2,226.1,796
2,176,6,0.7,762.6,3643.0,275.1,225.2,794
2,177,6,0.7,762.6,3453.6,257.0,218.2,806
2,178,6,0.7,762.6,3675.4,277.9,223.1,793
2,179,6,0.7,762.4,2695.5,201.1,172.0,804
2,180,6,0.7,762.5,3705.2,281.9,239.3,788
2,181,6,0.7,759.1,3224.3,238.5,196.0,811
2,182,7,0.85,742.3,3087.7,230.0,188.5,805
2,183,7,0.85,744.0,3348.7,250.7,216.9,801
2,184,7,0.85,743.1,3262.1,240.1,195.4,815
2,185,7,0.85,744.0,3392.9,254.9,202.5,798
2,186,7,0.85,743.4,3159.9,235.4,199.5,805
2,187,7,0.85,744.0,3470.4,260.7,218.1,798
2,188,7,0.85,743.7,3432.8,252.6,216.7,815
2,189,7,0.85,743.9,3332.3,248.0,211.7,806
2,190,7,0.85,739.8,3477.9,255.9,213.3,815
2,191,7,0.85,744.0,3261.4,242.6,208.7,806
2,192,7,0.85,741.9,2973.7,224.5,180.7,794
2,193,7,0.85,744.0,3935.5,296.1,237.7,797
2,194,7,0.85,732.2,3222.1,243.2,203.1,794
2,195,7,0.85,743.7,3646.6,273.6,210.5,799
2,196,7,0.85,743.5,2928.0,216.0,181.7,813
2,197,7,0.85,743.7,3041.6,226.8,186.1,804
2,198,7,0.85,743.8,3616.4,266.5,221.9,814
2,199,7,0.85,743.6,2920.2,218.6,196.8,801
2,200,7,0.85,744.0,3410.3,252.2,207.1,811
2,201,7,0.85,744.0,3245.5,240.0,206.7,811
2,202,7,0.85,743.7,3564.2,262.0,211.1,816
2,203,7,0.85,743.5,2846.6,215.9,188.8,790
2,204,7,0.85,744.0,3404.3,253.0,208.6,807
2,205,7,0.85,741.2,3317.3,247.4,209.8,804
2,206,7,0.85,742.3,3265.1,244.4,195.8,801
2,207,7,0.85,744.0,3437.8,253.9,216.7,812
2,208,7,0.85,744.0,3619.9,270.9,221.0,801
2,209,7,0.85,740.4,3044.4,224.6,196.3,813
2,210,7,0.85,743.1,3525.4,262.3,201.5,806
2,211,7,0.85,744.0,3185.4,234.4,200.9,815
2,212,7,0.85,744.0,3341.7,248.6,212.8,806
2,213,8,0.8,744.0,2910.8,219.6,182.5,795
2,214,8,0.8,744.0,2995.6,227.1,201.8,791
2,215,8,0.8,743.7,3159.0,241.6,207.7,784
2,216,8,0.8,739.0,3160.7,238.7,198.5,794
2,217,8,0.8,743.9,2883.4,221.6,203.8,780
2,218,8,0.8,743.4,3396.6,261.7,200.0,778
2,219,8,0.8,743.9,3488.0,263.8,199.3,793
2,220,8,0.8,744.0,3590.0,272.2,217.9,791
2,221,8,0.8,742.7,3265.5,246.7,213.2,794
2,222,8,0.8,742.6,3537.0,270.9,204.8,783
2,223,8,0.8,743.7,3692.2,279.6,218.3,792
2,224,8,0.8,744.0,3007.7,228.6,205.7,789
2,225,8,0.8,743.6,3606.0,274.7,219.4,787
2,226,8,0.8,744.0,2906.4,219.5,190.8,794
2,227,8,0.8,743.1,3251.5,246.8,200.3,790
2,228,8,0.8,743.9,3626.8,276.0,206.2,788
2,229,8,0.8,741.8,3212.7,245.1,194.8,786
2,230,8,0.8,742.7,3205.0,243.9,201.9,788
2,231,8,0.8,744.0,3663.3,277.0,218.8,793
2,232,8,0.8,744.0,3465.1,265.3,213.6,783
2,233,8,0.8,744.0,3436.9,264.1,204.6,780
2,234,8,0.8,742.7,3063.2,233.1,196.1,788
2,235,8,0.8,744.0,2804.8,215.5,198.8,780
2,236,8,0.8,743.9,3354.9,253.7,218.7,793
2,237,8,0.8,743.8,2950.5,224.0,198.4,790
2,238,8,0.8,744.0,2737.0,208.3,192.9,788
2,239,8,0.8,743.9,3186.6,240.7,191.6,794
2,240,8,0.8,740.8,3419.0,256.4,197.5,800
2,241,8,0.8,740.5,3338.5,252.8,187.4,792
2,242,8,0.8,744.0,3208.2,244.7,201.5,786
2,243,8,0.8,744.0,3802.8,287.2,224.0,794
2,244,9,0.65,760.4,3040.9,249.8,206.3,730
2,245,9,0.65,762.4,2893.7,238.7,198.0,727
2,246,9,0.65,762.6,3203.9,264.0,211.1,728
2,247,9,0.65,762.6,3080.4,253.8,202.3,728
2,248,9,0.65,756.9,3048.7,255.6,213.2,715
2,249,9,0.65,761.8,2997.4,247.6,206.1,726
2,250,9,0.65,761.9,3293.8,273.6,228.5,722
2,251,9,0.65,762.6,3137.9,257.1,218.3,732
2,252,9,0.65,761.9,2709.8,225.6,202.8,720
2,253,9,0.65,761.6,2964.8,243.6,209.4,730
2,254,9,0.65,758.4,2949.7,241.1,206.2,734
2,255,9,0.65,762.6,3032.6,248.8,218.7,731
2,256,9,0.65,762.2,2788.5,231.3,212.7,723
2,257,9,0.65,761.9,3262.1,270.6,223.9,723
2,258,9,0.65,762.6,3132.1,259.1,207.1,725
2,259,9,0.65,761.8,3244.5,272.4,216.5,714
2,260,9,0.65,762.4,2932.4,241.6,214.8,728
2,261,9,0.65,762.6,3601.2,295.5,232.5,731
2,262,9,0.65,761.8,2508.3,208.8,198.9,720
2,263,9,0.65,762.4,2927.3,242.5,211.7,724
2,264,9,0.65,753.8,2868.2,236.6,205.6,727
2,265,9,0.65,762.6,2835.0,236.7,182.7,718
2,266,9,0.65,762.4,2871.9,237.5,200.6,725
2,267,9,0.65,762.4,3110.6,254.9,215.2,732
2,268,9,0.65,759.3,3460.9,289.4,214.1,717
2,269,9,0.65,759.9,2957.4,246.6,205.5,719
2,270,9,0.65,761.9,2878.6,240.4,193.6,718
2,271,9,0.65,742.1,2218.5,183.7,161.7,724
2,272,9,0.65,756.1,2882.4,236.8,203.1,730
2,273,9,0.65,762.6,3275.9,271.3,211.2,724
2,274,10,0.3,762.4,3866.5,339.6,233.1,683
2,275,10,0.3,762.5,3570.9,312.7,220.8,685
2,276,10,0.3,762.6,3408.3,299.8,224.3,682
2,277,10,0.3,762.5,3847.0,335.4,231.6,688
2,278,10,0.3,762.6,3213.2,279.0,215.7,691
2,279,10,0.3,762.6,3670.9,324.3,226.8,679
2,280,10,0.3,762.6,3624.9,317.4,213.5,685
2,281,10,0.3,754.7,3780.2,334.4,213.7,678
2,282,10,0.3,762.0,3682.1,320.6,236.0,689
2,283,10,0.3,762.6,3575.7,313.1,224.2,685
2,284,10,0.3,762.5,3542.7,312.0,225.6,681
2,285,10,0.3,762.6,3872.7,342.1,222.4,679
2,286,10,0.3,758.1,3585.4,312.2,207.0,689
2,287,10,0.3,762.0,3921.4,341.0,227.2,690
2,288,10,0.3,762.6,3779.5,329.5,209.1,688
2,289,10,0.3,762.5,3739.9,332.3,234.7,675
2,290,10,0.3,762.6,3863.6,336.4,228.5,689
2,291,10,0.3,746.9,3403.7,296.4,204.3,689
2,292,10,0.3,762.6,3934.4,344.5,228.6,685
2,293,10,0.3,762.6,3549.2,309.0,240.2,689
2,294,10,0.3,758.1,3555.8,312.3,228.6,683
2,295,10,0.3,761.5,3623.0,317.7,218.9,684
2,296,10,0.3,762.4,3632.0,316.7,229.2,688
2,297,10,0.3,762.6,4272.8,372.0,240.2,689
2,298,10,0.3,762.6,3871.1,339.5,232.0,684
2,299,10,0.3,762.6,3274.2,288.4,205.1,681
2,300,10,0.3,761.7,3445.2,303.4,216.7,681
2,301,10,0.3,762.6,3967.0,346.4,226.5,687
2,302,10,0.3,762.5,3849.5,337.1,231.5,685
2,303,10,0.3,761.1,3598.8,314.7,231.3,686
2,304,10,0.3,762.4,3429.0,300.7,225.9,684
2,305,11,0.18,744.0,3952.9,360.9,209.9,657
2,306,11,0.18,744.0,4391.3,399.2,201.8,660
2,307,11,0.18,744.0,4411.6,404.6,214.3,654
2,308,11,0.18,744.0,4211.6,384.0,233.2,658
2,309,11,0.18,744.0,4446.1,404.8,221.2,659
2,310,11,0.18,744.0,4218.2,383.4,220.3,660
2,311,11,0.18,743.7,4371.6,397.4,214.2,660
2,312,11,0.18,742.8,4330.4,393.6,219.6,660
2,313,11,0.18,744.0,4224.0,385.1,235.0,658
2,314,11,0.18,744.0,4027.6,368.8,226.5,655
2,315,11,0.18,744.0,4416.2,400.8,208.9,661
2,316,11,0.18,744.0,4398.6,399.2,225.6,661
2,317,11,0.18,744.0,4517.8,411.3,225.4,659
2,318,11,0.18,744.0,4418.2,401.6,220.0,660
2,319,11,0.18,743.6,4459.6,406.0,217.8,659
2,320,11,0.18,744.0,4314.5,392.8,204.7,659
2,321,11,0.18,744.0,4282.9,388.7,223.6,661
2,322,11,0.18,744.0,4510.2,410.0,222.8,660
2,323,11,0.18,744.0,4142.8,377.7,218.8,658
2,324,11,0.18,744.0,4369.2,397.2,219.1,660
2,325,11,0.18,744.0,4350.2,399.0,222.2,654
2,326,11,0.18,744.0,4343.6,395.4,216.2,659
2,327,11,0.18,744.0,4549.6,412.9,217.7,661
2,328,11,0.18,744.0,4432.7,404.1,221.4,658
2,329,11,0.18,744.0,4008.8,368.2,207.0,653
2,330,11,0.18,744.0,4209.5,382.1,231.4,661
2,331,11,0.18,744.0,4291.5,391.3,221.2,658
2,332,11,0.18,744.0,4344.9,394.4,219.2,661
2,333,11,0.18,744.0,4606.6,418.7,222.4,660
2,334,11,0.18,743.8,4283.6,389.4,213.9,660
2,335,12,0.15,744.0,4388.7,414.0,215.0,636
2,336,12,0.15,744.0,4181.7,395.1,211.6,635
2,337,12,0.15,743.8,4222.7,398.9,215.9,635
2,338,12,0.15,744.0,4254.5,402.6,211.4,634
2,339,12,0.15,744.0,3835.9,361.8,210.8,636
2,340,12,0.15,744.0,4117.6,388.4,217.1,636
2,341,12,0.15,744.0,4178.2,394.7,217.3,635
2,342,12,0.15,744.0,4314.5,408.9,217.2,633
2,343,12,0.15,744.0,4160.6,398.0,215.9,627
2,344,12,0.15,744.0,4251.5,401.1,228.4,636
2,345,12,0.15,744.0,4247.4,405.1,218.4,629
2,346,12,0.15,744.0,4061.2,382.5,219.0,637
2,347,12,0.15,744.0,4429.2,417.8,216.0,636
2,348,12,0.15,744.0,4348.8,410.9,225.0,635
2,349,12,0.15,744.0,4421.2,417.7,217.5,635
2,350,12,0.15,744.0,4165.0,392.3,208.9,637
2,351,12,0.15,744.0,4360.2,411.3,215.1,636
2,352,12,0.15,744.0,4381.2,413.3,217.9,636
2,353,12,0.15,743.6,4099.7,387.3,217.1,635
2,354,12,0.15,744.0,4192.3,394.9,209.1,637
2,355,12,0.15,744.0,4046.6,382.3,214.8,635
2,356,12,0.15,744.0,4584.5,433.1,215.3,635
2,357,12,0.15,744.0,4071.6,384.7,218.9,635
2,358,12,0.15,744.0,4323.1,409.1,221.2,634
2,359,12,0.15,744.0,4337.8,409.2,214.0,636
2,360,12,0.15,744.0,4126.4,388.6,231.0,637
2,361,12,0.15,743.7,3957.1,373.3,194.7,636
2,362,12,0.15,744.0,3815.6,360.5,203.7,635
2,363,12,0.15,744.0,4089.6,386.4,216.3,635
2,364,12,0.15,744.0,4276.6,403.4,216.3,636
2,365,12,0.15,744.0,4339.2,408.7,217.3,637
