waveform,controller,metric,value
step-up,Plain-P&O,eta_track,99.974
step-up,Plain-P&O,max_tracking_error,2.94649
step-up,Plain-P&O,settling_time,0.2
step-up,Plain-P&O,overshoot,0
step-up,Plain-P&O,undershoot,-2.94649
step-up,Plain-P&O,energy_not_captured,0.000563149
step-up,Plain-P&O,oscillation_amplitude,0.0102118
step-up,Plain-P&O,mpp_voltage_error,0.0716684
step-up,VS-P&O,eta_track,99.9231
step-up,VS-P&O,max_tracking_error,13.1696
step-up,VS-P&O,settling_time,1.8
step-up,VS-P&O,overshoot,0
step-up,VS-P&O,undershoot,-13.1696
step-up,VS-P&O,energy_not_captured,0.00166527
step-up,VS-P&O,oscillation_amplitude,0.00181983
step-up,VS-P&O,mpp_voltage_error,0.0281476
step-up,INC,eta_track,99.9884
step-up,INC,max_tracking_error,3.35196
step-up,INC,settling_time,0.4
step-up,INC,overshoot,0
step-up,INC,undershoot,-3.35196
step-up,INC,energy_not_captured,0.000251193
step-up,INC,oscillation_amplitude,0
step-up,INC,mpp_voltage_error,0.00651154
step-up,LSTM-P&O,eta_track,99.9254
step-up,LSTM-P&O,max_tracking_error,12.1609
step-up,LSTM-P&O,settling_time,1.8
step-up,LSTM-P&O,overshoot,0
step-up,LSTM-P&O,undershoot,-12.1609
step-up,LSTM-P&O,energy_not_captured,0.00161689
step-up,LSTM-P&O,oscillation_amplitude,0.00181983
step-up,LSTM-P&O,mpp_voltage_error,0.0281476
step-down,Plain-P&O,eta_track,99.9821
step-down,Plain-P&O,max_tracking_error,1.82985
step-down,Plain-P&O,settling_time,0
step-down,Plain-P&O,overshoot,0
step-down,Plain-P&O,undershoot,-1.82985
step-down,Plain-P&O,energy_not_captured,0.000242015
step-down,Plain-P&O,oscillation_amplitude,0.00383719
step-down,Plain-P&O,mpp_voltage_error,0.0511524
step-down,VS-P&O,eta_track,99.9964
step-down,VS-P&O,max_tracking_error,0.0280898
step-down,VS-P&O,settling_time,0
step-down,VS-P&O,overshoot,0
step-down,VS-P&O,undershoot,-0.0280898
step-down,VS-P&O,energy_not_captured,4.83248e-05
step-down,VS-P&O,oscillation_amplitude,0.000962617
step-down,VS-P&O,mpp_voltage_error,0.0260281
step-down,INC,eta_track,99.9866
step-down,INC,max_tracking_error,1.65266
step-down,INC,settling_time,0
step-down,INC,overshoot,0
step-down,INC,undershoot,-1.65266
step-down,INC,energy_not_captured,0.000181555
step-down,INC,oscillation_amplitude,0
step-down,INC,mpp_voltage_error,0.0517984
step-down,LSTM-P&O,eta_track,99.9963
step-down,LSTM-P&O,max_tracking_error,0.157712
step-down,LSTM-P&O,settling_time,0
step-down,LSTM-P&O,overshoot,0
step-down,LSTM-P&O,undershoot,-0.157712
step-down,LSTM-P&O,energy_not_captured,4.94608e-05
step-down,LSTM-P&O,oscillation_amplitude,0.000962617
step-down,LSTM-P&O,mpp_voltage_error,0.0260281
ramp,Plain-P&O,eta_track,99.9539
ramp,Plain-P&O,max_tracking_error,0.739004
ramp,Plain-P&O,settling_time,0
ramp,Plain-P&O,overshoot,0
ramp,Plain-P&O,undershoot,-0.739004
ramp,Plain-P&O,energy_not_captured,0.000677994
ramp,Plain-P&O,oscillation_amplitude,0.00791751
ramp,Plain-P&O,mpp_voltage_error,0.066864
ramp,VS-P&O,eta_track,99.9117
ramp,VS-P&O,max_tracking_error,2.16895
ramp,VS-P&O,settling_time,4.5
ramp,VS-P&O,overshoot,0
ramp,VS-P&O,undershoot,-2.16895
ramp,VS-P&O,energy_not_captured,0.00129839
ramp,VS-P&O,oscillation_amplitude,0.00211397
ramp,VS-P&O,mpp_voltage_error,0.033465
ramp,INC,eta_track,99.9358
ramp,INC,max_tracking_error,1.3431
ramp,INC,settling_time,0
ramp,INC,overshoot,0
ramp,INC,undershoot,-1.3431
ramp,INC,energy_not_captured,0.000943975
ramp,INC,oscillation_amplitude,0
ramp,INC,mpp_voltage_error,0.016934
ramp,LSTM-P&O,eta_track,99.9117
ramp,LSTM-P&O,max_tracking_error,2.16895
ramp,LSTM-P&O,settling_time,4.5
ramp,LSTM-P&O,overshoot,0
ramp,LSTM-P&O,undershoot,-2.16895
ramp,LSTM-P&O,energy_not_captured,0.00129839
ramp,LSTM-P&O,oscillation_amplitude,0.00211397
ramp,LSTM-P&O,mpp_voltage_error,0.033465
cloud-edge,Plain-P&O,eta_track,87.4085
cloud-edge,Plain-P&O,max_tracking_error,17.6353
cloud-edge,Plain-P&O,settling_time,nan
cloud-edge,Plain-P&O,overshoot,0
cloud-edge,Plain-P&O,undershoot,-17.6353
cloud-edge,Plain-P&O,energy_not_captured,0.154584
cloud-edge,Plain-P&O,oscillation_amplitude,0
cloud-edge,Plain-P&O,mpp_voltage_error,10.8331
cloud-edge,VS-P&O,eta_track,87.5317
cloud-edge,VS-P&O,max_tracking_error,16.7823
cloud-edge,VS-P&O,settling_time,nan
cloud-edge,VS-P&O,overshoot,0
cloud-edge,VS-P&O,undershoot,-16.7823
cloud-edge,VS-P&O,energy_not_captured,0.153071
cloud-edge,VS-P&O,oscillation_amplitude,0
cloud-edge,VS-P&O,mpp_voltage_error,10.8331
cloud-edge,INC,eta_track,99.3635
cloud-edge,INC,max_tracking_error,14.2902
cloud-edge,INC,settling_time,23.9
cloud-edge,INC,overshoot,0
cloud-edge,INC,undershoot,-14.2902
cloud-edge,INC,energy_not_captured,0.00781402
cloud-edge,INC,oscillation_amplitude,0
cloud-edge,INC,mpp_voltage_error,0.033066
cloud-edge,LSTM-P&O,eta_track,87.5302
cloud-edge,LSTM-P&O,max_tracking_error,16.7841
cloud-edge,LSTM-P&O,settling_time,nan
cloud-edge,LSTM-P&O,overshoot,0
cloud-edge,LSTM-P&O,undershoot,-16.7841
cloud-edge,LSTM-P&O,energy_not_captured,0.15309
cloud-edge,LSTM-P&O,oscillation_amplitude,0
cloud-edge,LSTM-P&O,mpp_voltage_error,10.8331
repeated-cloud,Plain-P&O,eta_track,86.6881
repeated-cloud,Plain-P&O,max_tracking_error,18.3917
repeated-cloud,Plain-P&O,settling_time,nan
repeated-cloud,Plain-P&O,overshoot,0
repeated-cloud,Plain-P&O,undershoot,-18.3917
repeated-cloud,Plain-P&O,energy_not_captured,0.379578
repeated-cloud,Plain-P&O,oscillation_amplitude,0
repeated-cloud,Plain-P&O,mpp_voltage_error,10.8331
repeated-cloud,VS-P&O,eta_track,91.6875
repeated-cloud,VS-P&O,max_tracking_error,17.8139
repeated-cloud,VS-P&O,settling_time,nan
repeated-cloud,VS-P&O,overshoot,0
repeated-cloud,VS-P&O,undershoot,-17.8139
repeated-cloud,VS-P&O,energy_not_captured,0.237025
repeated-cloud,VS-P&O,oscillation_amplitude,0
repeated-cloud,VS-P&O,mpp_voltage_error,10.8331
repeated-cloud,INC,eta_track,98.6239
repeated-cloud,INC,max_tracking_error,14.2902
repeated-cloud,INC,settling_time,nan
repeated-cloud,INC,overshoot,0
repeated-cloud,INC,undershoot,-14.2902
repeated-cloud,INC,energy_not_captured,0.0392374
repeated-cloud,INC,oscillation_amplitude,0
repeated-cloud,INC,mpp_voltage_error,0.033066
repeated-cloud,LSTM-P&O,eta_track,86.7762
repeated-cloud,LSTM-P&O,max_tracking_error,18.2575
repeated-cloud,LSTM-P&O,settling_time,nan
repeated-cloud,LSTM-P&O,overshoot,0
repeated-cloud,LSTM-P&O,undershoot,-18.2575
repeated-cloud,LSTM-P&O,energy_not_captured,0.377066
repeated-cloud,LSTM-P&O,oscillation_amplitude,0
repeated-cloud,LSTM-P&O,mpp_voltage_error,10.8331
stochastic,Plain-P&O,eta_track,89.5294
stochastic,Plain-P&O,max_tracking_error,29.4742
stochastic,Plain-P&O,settling_time,nan
stochastic,Plain-P&O,overshoot,0
stochastic,Plain-P&O,undershoot,-29.4742
stochastic,Plain-P&O,energy_not_captured,2.27134
stochastic,Plain-P&O,oscillation_amplitude,0.677795
stochastic,Plain-P&O,mpp_voltage_error,0.736754
stochastic,VS-P&O,eta_track,94.5391
stochastic,VS-P&O,max_tracking_error,100
stochastic,VS-P&O,settling_time,nan
stochastic,VS-P&O,overshoot,0
stochastic,VS-P&O,undershoot,-100
stochastic,VS-P&O,energy_not_captured,1.18461
stochastic,VS-P&O,oscillation_amplitude,0.996976
stochastic,VS-P&O,mpp_voltage_error,0.820998
stochastic,INC,eta_track,96.8918
stochastic,INC,max_tracking_error,30.2566
stochastic,INC,settling_time,nan
stochastic,INC,overshoot,0
stochastic,INC,undershoot,-30.2566
stochastic,INC,energy_not_captured,0.674258
stochastic,INC,oscillation_amplitude,0.205082
stochastic,INC,mpp_voltage_error,0.765034
stochastic,LSTM-P&O,eta_track,95.0598
stochastic,LSTM-P&O,max_tracking_error,70.8695
stochastic,LSTM-P&O,settling_time,nan
stochastic,LSTM-P&O,overshoot,0
stochastic,LSTM-P&O,undershoot,-70.8695
stochastic,LSTM-P&O,energy_not_captured,1.07165
stochastic,LSTM-P&O,oscillation_amplitude,0.920483
stochastic,LSTM-P&O,mpp_voltage_error,0.84869
